latitude,longitude,event_date,admin_division_name,landslide_category,landslide_trigger,fatality_count,injury_count,location_description,source,verification_status
27.4459,88.6193,2007-04-11 00:00:00,,landslide,downpour,0.0,0.0,"Sikkim, 13 km north of Gangtok",pan_ner_csv,reported
27.3383,88.6069,2007-05-23 00:00:00,Sikkim,landslide,rain,0.0,0.0,"Pangthang, on road b/t Gangtok and North Sikkim",pan_ner_csv,reported
27.1499,88.38,2007-07-16 00:00:00,Sikkim,mudslide,rain,0.0,0.0,Bardang near Singtam,pan_ner_csv,reported
26.1699,91.7986,2007-07-19 00:00:00,Assam,landslide,rain,6.0,0.0,Guwahati,pan_ner_csv,reported
25.38,91.88,2007-07-26 00:00:00,Meghalaya,landslide,rain,0.0,0.0,Singtam,pan_ner_csv,reported
25.5212,90.232,2007-07-27 00:00:00,Meghalaya,rock_fall,rain,8.0,0.0,Tura,pan_ner_csv,reported
22.533,92.899,2007-07-30 00:00:00,Mizoram,landslide,downpour,0.0,0.0,Lawngtlai,pan_ner_csv,reported
22.479,92.967,2007-07-30 00:00:00,Mizoram,landslide,downpour,0.0,0.0,Saiha,pan_ner_csv,reported
25.5576,91.8506,2007-08-26 00:00:00,Meghalaya,complex,rain,0.0,0.0,National Highway No 44 at Sonarpur in Meghalaya,pan_ner_csv,reported
25.2946,92.8339,2007-08-26 00:00:00,Assam,landslide,rain,0.0,0.0,Shillong Road at Kuliang in the Jaintia Hills,pan_ner_csv,reported
24.9667,93.55,2007-08-26 00:00:00,Manipur,mudslide,continuous_rain,1.0,0.0,Tamenglong,pan_ner_csv,reported
25.7428,93.9136,2007-08-28 00:00:00,Nagaland,landslide,rain,1.0,0.0,Phesema area at National Highway 39,pan_ner_csv,reported
25.1333,93.9667,2007-08-31 00:00:00,Manipur,landslide,rain,0.0,0.0,"Velnal village, Tamei sub-division and Toribari village (3 kilometer toward Tamei from Kangpokpi)",pan_ner_csv,reported
27.201,88.4883,2007-09-07 00:00:00,,landslide,rain,0.0,0.0,"National Highway 31A between Rangpo and Tarkhola, in East Sikkim",pan_ner_csv,reported
25.0604,93.9877,2007-09-08 00:00:00,Manipur,landslide,rain,0.0,0.0,"Lower Shajouba village near Tadubi along NH 39, Manipur ",pan_ner_csv,reported
27.1667,88.35,2007-09-09 00:00:00,Sikkim,landslide,rain,1.0,0.0,Hingdam village in South Sikkim,pan_ner_csv,reported
25.4993,94.1192,2007-09-09 00:00:00,Nagaland,landslide,rain,0.0,0.0,"Mao in Manipur, Phipema and Chunikhudima in Nagaland",pan_ner_csv,reported
24.2451,94.0691,2007-09-10 00:00:00,Manipur,landslide,rain,0.0,0.0,Wamkhu village along the Tengnoupal-Joupi road in Chandel district,pan_ner_csv,reported
27.3425,88.6236,2007-09-10 00:00:00,Sikkim,landslide,rain,0.0,0.0,Rhodong village near Rhey in East Sikkim,pan_ner_csv,reported
24.4279,94.0564,2007-09-11 00:00:00,Manipur,landslide,rain,3.0,0.0,"NH-39 at Imphal-Moreh section, Lokchao largest event",pan_ner_csv,reported
25.52,91.27,2007-09-11 00:00:00,Meghalaya,landslide,rain,0.0,0.0,"Assam-Agartala National Highway, Sonarpur in Jayantiya hills of Meghalaya",pan_ner_csv,reported
27.2084,88.4909,2007-09-11 00:00:00,,debris_flow,rain,0.0,0.0,"National Highway 31A, between Singtam and Rangpo",pan_ner_csv,reported
26.1833,91.8,2007-09-13 00:00:00,Assam,landslide,rain,0.0,0.0,Guwahati,pan_ner_csv,reported
27.2872,88.2816,2007-09-18 00:00:00,Sikkim,landslide,rain,0.0,0.0,Geyzing-Jorethang road and Naya Bazar-Legship road,pan_ner_csv,reported
24.1293,92.6921,2007-09-29 00:00:00,Mizoram,landslide,rain,0.0,0.0,"National Highway, 45 Aizwal (Mizoram)",pan_ner_csv,reported
25.7055,94.0132,2007-10-16 00:00:00,Nagaland,landslide,rain,0.0,0.0,"NH-39 at Piphema,  6 km towards Dimapur from Kohima in Nagaland",pan_ner_csv,reported
25.4379,94.1162,2007-10-19 00:00:00,Nagaland,landslide,rain,0.0,0.0,"Maram-Purul Road, Karong Assembly Constituency of Senapati district, Manipur",pan_ner_csv,reported
24.75,93.4333,2007-10-21 00:00:00,Assam,landslide,rain,0.0,0.0,National Highway 53 at Nungba in Tamenglong district of Manipur,pan_ner_csv,reported
24.9849,92.8411,2008-05-20 00:00:00,Assam,mudslide,mining,5.0,0.0,"A Cachar District village, near village of Srinager, Assam",pan_ner_csv,reported
24.6596,93.9784,2008-06-09 00:00:00,Manipur,landslide,monsoon,0.0,0.0,"near Kuloor church, in Manipur along National Highway",pan_ner_csv,reported
27.0998,93.6287,2008-06-14 00:00:00,Arunachal Pradesh,landslide,rain,21.0,0.0,"Itanagar-Naharlagun, Arunachal Pradesh",pan_ner_csv,reported
27.2298,94.0989,2008-06-15 00:00:00,Assam,landslide,downpour,17.0,0.0,"Lakhimpur district, Bihpuria, Assam",pan_ner_csv,reported
24.9336,93.8275,2008-06-19 00:00:00,Manipur,mudslide,monsoon,0.0,0.0,"Namkaoluang village, Tamenglong-Sangrung (Khongsang) road, NH-53, Manipur",pan_ner_csv,reported
25.705,94.04,2008-08-07 00:00:00,Nagaland,landslide,downpour,0.0,0.0,"National Highway-39, Dimapur-Imphal road and another under Kiphire district of Nagaland",pan_ner_csv,reported
27.163,94.0,2008-08-14 00:00:00,Assam,landslide,rain,0.0,0.0,"Kimin-Ziro road in Papum Pare district, road between Doimukh and Sagalee, Doimukh-Hoj road; Arunachal Pradesh",pan_ner_csv,reported
26.138,94.25,2008-08-19 00:00:00,Nagaland,mudslide,downpour,4.0,0.0,"Akuk village, Wokha District, Nagaland",pan_ner_csv,reported
27.337,88.609,2008-08-28 00:00:00,Sikkim,landslide,downpour,0.0,0.0,"Ranka, Sikkim and Louing road",pan_ner_csv,reported
25.67,94.1066,2008-08-29 00:00:00,Nagaland,complex,downpour,0.0,0.0,"Kohima, Nagaland",pan_ner_csv,reported
26.3333,91.25,2008-10-29 00:00:00,Assam,landslide,downpour,7.0,0.0,"Kamrup, and Sonitpur, Assam",pan_ner_csv,reported
27.2333,94.1167,2008-10-29 00:00:00,Assam,landslide,downpour,0.0,0.0,North Lakhimpur ,pan_ner_csv,reported
27.4,92.35,2008-10-29 00:00:00,Arunachal Pradesh,mudslide,downpour,12.0,0.0,"West Kameng, Arunachal Pradesh",pan_ner_csv,reported
27.478,88.527,2009-07-01 05:40:00,,landslide,downpour,0.0,0.0,"4th Mile, Lower Mangshila in North Sikkim",pan_ner_csv,reported
27.7,92.8,2009-08-12 00:00:00,Arunachal Pradesh,landslide,downpour,0.0,0.0,"Upper Subansiri District, Arunanchal Pradesh",pan_ner_csv,reported
27.2644,88.1365,2009-08-19 20:30:00,,landslide,downpour,2.0,0.0,"Sombaria, West Sikkim",pan_ner_csv,reported
25.5215,93.1645,2009-08-20 00:00:00,Assam,landslide,downpour,0.0,0.0,Lumding-Badarpur section in North Cachar Hills district,pan_ner_csv,reported
27.1761,88.5287,2009-08-20 00:00:00,Sikkim,mudslide,downpour,0.0,0.0,"NH31A, Mile 27 near Rambi",pan_ner_csv,reported
24.9925,93.5,2009-08-20 00:00:00,Assam,landslide,downpour,0.0,0.0,"Tamei, Tamenglong district on Imphal-Tamenglong (IT) road",pan_ner_csv,reported
27.3746,88.7648,2009-08-26 00:00:00,Sikkim,landslide,rain,0.0,0.0,"17th Mile towards Tsomgo Lake, near Kyongsala, Sikkim ",pan_ner_csv,reported
25.1718,93.123,2009-08-27 00:00:00,Assam,landslide,downpour,0.0,0.0,between Mahur and Phaiding railway stations on Barail hills (Mahur and Barail hills located),pan_ner_csv,reported
24.8628,94.4182,2009-08-30 00:00:00,Manipur,landslide,downpour,0.0,0.0,"Road stretch from Gammom to Chamu village, under Kamjong block, Ukhrul district, Manipur",pan_ner_csv,reported
27.1954,88.6115,2009-09-17 00:00:00,Sikkim,landslide,rain,0.0,0.0,"4th Mile on road between Rongli, Rhenock and Rangpo in East Sikkim.",pan_ner_csv,reported
23.73478778,92.72124394,2009-10-05 00:00:00,Mizoram,landslide,downpour,3.0,0.0,"Chhinga Veng, Aizawl",pan_ner_csv,reported
24.7339,93.9161,2010-03-27 20:00:00,Manipur,mudslide,downpour,0.0,0.0,"LangthAbal Khoupum, Imphal, Manipur",pan_ner_csv,reported
25.1553,93.028,2010-04-01 00:00:00,Assam,landslide,downpour,3.0,0.0,"Paglanala village, Dholai Block, near Dwarbandh locality of the district, Cachar district (could only find district) 45 km from Silchar, Assam",pan_ner_csv,reported
27.8997,93.3497,2010-04-02 23:00:00,Arunachal Pradesh,mudslide,downpour,12.0,0.0,"Koloriang, Kuring Kumey district, Arunachal Pradesh",pan_ner_csv,reported
27.322,88.6087,2010-04-17 00:00:00,Sikkim,landslide,downpour,0.0,0.0,"Nam Nang, Gangtok",pan_ner_csv,reported
27.3341,88.6083,2010-04-17 15:00:00,Sikkim,landslide,downpour,0.0,0.0,"Natl. Highway 31-A at Pani House(?), Gangtok",pan_ner_csv,reported
26.1965,91.763,2010-04-20 00:00:00,Assam,landslide,downpour,0.0,0.0,"Kharghuli, Guwahati, Assam",pan_ner_csv,reported
26.1978,91.7665,2010-04-20 00:00:00,Assam,landslide,downpour,0.0,0.0,"Raj Bhavan Guwahati, Assam",pan_ner_csv,reported
25.3612,92.2845,2010-04-21 00:00:00,Meghalaya,landslide,downpour,0.0,0.0,Shillong-Jowai(Jwai)-Badarpur National Highway(NH 44) at Sunapur village in Jaintia Hills District,pan_ner_csv,reported
27.8965,96.1779,2010-04-21 00:00:00,Arunachal Pradesh,landslide,downpour,12.0,0.0,Arunachal Pradesh ,pan_ner_csv,reported
25.3433,92.2897,2010-05-11 09:00:00,Meghalaya,landslide,downpour,0.0,0.0,"National highway 44 at Sunapur and Tongseng in Jaintia Hills district, eastern Meghalaya",pan_ner_csv,reported
28.4298,95.8776,2010-05-31 00:00:00,Arunachal Pradesh,landslide,downpour,0.0,0.0,"Anini-Roing road,  Dibang Valley,  Arunachal Pradesh ",pan_ner_csv,reported
27.3543,88.6428,2010-05-31 23:00:00,Sikkim,landslide,downpour,0.0,0.0,"North Sikkiim Highway, periphery of Gangtok, Sikkim East district",pan_ner_csv,reported
23.8986,91.7599,2010-06-03 00:00:00,Tripura,landslide,downpour,0.0,0.0,"atharamura hills, Highway 44, Tripura",pan_ner_csv,reported
24.6005,92.3814,2010-06-03 05:00:00,Assam,landslide,downpour,2.0,0.0,Rongpur village under Bhairabhnagar panchayat in Karimganj district,pan_ner_csv,reported
24.7543,93.5039,2010-06-07 00:00:00,Manipur,landslide,rain,0.0,0.0,"Irang(?) and Barak(?) and Makru(?) on highway 53 between Imphal and Jiribam, Manipur",pan_ner_csv,reported
25.8833,91.2,2010-06-09 14:15:00,Meghalaya,landslide,downpour,0.0,0.0,"Ishok Chingphu(?), Bishnupur, Assam",pan_ner_csv,reported
25.2269,93.1658,2010-06-15 00:00:00,Assam,landslide,downpour,0.0,0.0,"rails between Mahur and Wadringdisa(?), Assam",pan_ner_csv,reported
26.3335,94.5512,2010-06-15 00:00:00,Nagaland,landslide,downpour,0.0,0.0,"Fazl Ali College, Mokokchung, Nagaland",pan_ner_csv,reported
25.0633,92.8025,2010-06-16 00:00:00,Assam,landslide,downpour,0.0,0.0,"rails between Jatinga and Longrangjao(?), Assam",pan_ner_csv,reported
26.4333,94.8833,2010-06-17 19:30:00,Nagaland,landslide,downpour,0.0,0.0,"Shayoung Ward(?), Longleng, Nagaland",pan_ner_csv,reported
25.5728,91.885,2010-06-28 00:00:00,Meghalaya,landslide,downpour,1.0,0.0,"Police CID complex(?), Shillong, Meghalaya",pan_ner_csv,reported
25.4916,91.2698,2010-06-28 00:00:00,Meghalaya,landslide,downpour,0.0,0.0,"Borsorsa(?), West Khasi Hills, Meghalaya",pan_ner_csv,reported
25.8877,94.7861,2010-07-06 00:00:00,Nagaland,mudslide,monsoon,0.0,0.0,"Kiphire,  Nagaland",pan_ner_csv,reported
26.0093,94.5238,2010-07-06 00:00:00,Nagaland,mudslide,monsoon,0.0,0.0,"Zunheboto, Nagaland",pan_ner_csv,reported
26.2363,94.8133,2010-07-06 00:00:00,Nagaland,mudslide,monsoon,0.0,0.0,"Tuensang, Nagaland",pan_ner_csv,reported
26.7225,95.0281,2010-07-06 00:00:00,Nagaland,mudslide,monsoon,0.0,0.0,"Mon, Nagaland",pan_ner_csv,reported
26.7215,95.0283,2010-07-19 06:00:00,Nagaland,landslide,downpour,0.0,0.0,"Jahjon ward(?), Mon town, Nagaland",pan_ner_csv,reported
26.8716,94.9921,2010-07-20 00:00:00,Nagaland,landslide,downpour,0.0,0.0,"road to Oting near Longlam village, 13 km from Tizit subdivision, Mon district, Nagaland",pan_ner_csv,reported
27.3773,88.559,2010-07-21 08:00:00,Sikkim,landslide,downpour,0.0,0.0,"Singtam-Mangan rd, Sikkim",pan_ner_csv,reported
27.5509,88.6475,2010-07-21 08:00:00,,landslide,downpour,0.0,0.0,"Zang(?), east Sikkim",pan_ner_csv,reported
25.0477,92.801,2010-07-25 00:00:00,Assam,landslide,downpour,0.0,0.0,"road between Halfong and Redzol(?) or Silchar, Assam",pan_ner_csv,reported
25.4196,94.1054,2010-07-29 00:00:00,Nagaland,landslide,downpour,0.0,0.0,"Maram area in Senapati district, National Highway 39",pan_ner_csv,reported
24.9786,93.5027,2010-07-29 00:00:00,Assam,landslide,downpour,0.0,0.0,"Highway 53 at Tupul, Tamenglong district",pan_ner_csv,reported
25.3098633,94.48214677,2010-07-29 23:00:00,Manipur,landslide,downpour,0.0,0.0,"Chingai-Kuingai(Quingai) route (16 kms), Chingai subdivision, Ukhrul district, Manipur",pan_ner_csv,reported
24.9356,93.8443,2010-07-31 09:00:00,Manipur,landslide,rain,0.0,0.0,Dimapur-Imphal highway (NH 39) near Manipur,pan_ner_csv,reported
23.7365,92.7146,2010-08-06 00:00:00,Mizoram,landslide,downpour,0.0,0.0,"Dawrpui Vengthar cemetary, Aizwal, Mizoram",pan_ner_csv,reported
25.70223725,94.04619681,2010-08-13 00:00:00,Nagaland,landslide,downpour,0.0,0.0,"NH-39 near Kohima Municipality Council(KMC) dumping ground, between Zubza(Sechu) and Kohima, Nagaland",pan_ner_csv,reported
26.0814,94.803,2010-08-14 00:00:00,Nagaland,landslide,downpour,0.0,0.0,"Kiphire-Tuensang rd, Nagaland",pan_ner_csv,reported
26.222,94.9152,2010-08-14 00:00:00,Nagaland,landslide,downpour,0.0,0.0,"Noklak-Tuensang road, Nagaland",pan_ner_csv,reported
26.148,94.8422,2010-08-14 00:00:00,Nagaland,landslide,downpour,0.0,0.0,"Tuensang-Shamatore(Sampurre) rd, Nagaland",pan_ner_csv,reported
25.31006064,94.48265093,2010-08-15 23:00:00,Manipur,landslide,downpour,0.0,0.0,"Chingai-Kuingai(Quingai) route (16 kms), Chingai subdivision, Ukhrul district, Manipur",pan_ner_csv,reported
26.2753,94.6654,2010-08-17 00:00:00,Nagaland,landslide,downpour,0.0,0.0,"Dikhu bridge(?), Mokokchung-Tuensang road, Nagaland",pan_ner_csv,reported
24.8961,93.4957,2010-08-19 00:00:00,Manipur,mudslide,downpour,0.0,0.0,"2 km from Khongsang village(?), road between Tamenglong and Imphal or Nungba, Manipur",pan_ner_csv,reported
26.1984,94.8158,2010-08-19 06:30:00,Nagaland,landslide,downpour,0.0,0.0,"Tuensang-Kohima rd, 3 km outside Tuensang, Nagaland",pan_ner_csv,reported
25.61560252,94.11603493,2010-08-19 18:00:00,Nagaland,landslide,downpour,0.0,0.0,"Kisima, Nagaland",pan_ner_csv,reported
27.167,88.3652,2010-08-20 00:00:00,Sikkim,complex,downpour,0.0,0.0,"many locations around Namchi, Sikkim",pan_ner_csv,reported
25.5718,94.1211,2010-08-21 18:00:00,Nagaland,landslide,downpour,0.0,0.0,"NH 39 at Kigwema(?), between Mao Gate and Kohima, Nagaland",pan_ner_csv,reported
27.2319,88.497,2010-08-26 23:00:00,,landslide,downpour,0.0,0.0,"NH-31A at Topakhani tunnel(?) and fruit preservation factory(?) and Chisopani bridge(?), near Singtam and Gangtok and Rangpo, Sikkim",pan_ner_csv,reported
24.7505,93.4221,2010-08-27 16:30:00,Assam,landslide,downpour,0.0,0.0,"NH-53 at Nungba police station, Kambirong(?), Manipur",pan_ner_csv,reported
25.4786,94.1327,2010-08-27 16:30:00,Nagaland,landslide,downpour,0.0,0.0,"NH-39 at Ekai village(?), 2 km for Tadubi, Manipur",pan_ner_csv,reported
27.3392,88.6188,2010-08-27 18:00:00,Sikkim,landslide,downpour,0.0,0.0,"Daragaon(?), Gangtok city, Sikkim",pan_ner_csv,reported
27.3702,88.7334,2010-09-04 00:00:00,Sikkim,landslide,downpour,0.0,0.0,"17th mile(?), Jawaharlal Nehru Marg hwy, between Gangtok and Nathu La, Sikkim",pan_ner_csv,reported
28.3036,95.4112,2010-09-09 23:00:00,Arunachal Pradesh,landslide,downpour,10.0,0.0,"Mossing(Mosing) village(?), Upper Siang district, Arunachal Pradesh",pan_ner_csv,reported
27.0011,93.7273,2010-09-10 00:00:00,Arunachal Pradesh,landslide,downpour,0.0,0.0,"districts Lakhimpur, Dhemaji, Golaghat, and Sonitpur, Assam province",pan_ner_csv,reported
25.63961883,94.11112157,2010-09-12 00:00:00,Nagaland,landslide,downpour,0.0,0.0,power lines 5 km from Kohima,pan_ner_csv,reported
23.72988966,92.71495623,2010-09-13 00:00:00,Mizoram,landslide,downpour,1.0,0.0,"Tuikual 'C', Aizawl, Mizoram",pan_ner_csv,reported
23.3439,93.0748,2010-09-13 00:00:00,Mizoram,landslide,downpour,0.0,0.0,"near Tuichang(?) on Tuichang river, Aizawl-Champhai rd, Mizoram",pan_ner_csv,reported
22.7176,92.8416,2010-09-13 00:00:00,Mizoram,landslide,downpour,0.0,0.0,"Hual(Hu) village(?), Lunglei-Lawngtlai rd, Mizoram",pan_ner_csv,reported
23.73504471,92.71060943,2010-09-13 00:00:00,Mizoram,landslide,downpour,0.0,0.0,"road to Kanan Veng from Hunthar Veng, Mizoram",pan_ner_csv,reported
23.591,92.9296,2010-09-13 00:00:00,Mizoram,landslide,downpour,0.0,0.0,"near Tuivawl(?), Aizawl-Champhai rd, Aizawl district, Mizoram",pan_ner_csv,reported
23.74182634,92.7141905,2010-09-13 00:00:00,Mizoram,landslide,downpour,0.0,0.0,"Hunthar Veng, Mizoram",pan_ner_csv,reported
23.75406693,92.74128531,2010-09-13 09:00:00,Mizoram,landslide,downpour,0.0,0.0,"road to Muanna Godown, Zuangtui, Mizoram",pan_ner_csv,reported
23.7527,92.694,2010-09-16 00:00:00,Mizoram,landslide,downpour,0.0,0.0,"Aizawl-Lengpui rd 3km from Aizawl, Mizoram, Manipur",pan_ner_csv,reported
24.3069,93.125,2010-09-16 03:00:00,Mizoram,landslide,downpour,0.0,0.0,"Taithu village, Churanchandpur district, Mizoram, Manipur",pan_ner_csv,reported
28.3092,95.4149,2010-10-03 00:00:00,Arunachal Pradesh,landslide,downpour,10.0,0.0,"Mosing village, Upper Siang district, Arunachal Pradesh",pan_ner_csv,reported
25.2745,94.0212,2010-10-08 00:00:00,Nagaland,landslide,downpour,0.0,0.0,"Bungte Chiru village(?), Senapati district, Manipur",pan_ner_csv,reported
25.4769,94.1351,2010-10-08 00:00:00,Nagaland,mudslide,downpour,0.0,0.0,"Sahong, Tabu and Pani village under Tadubi police station of Senapati district, NH-39",pan_ner_csv,reported
24.837,93.9128,2010-10-08 00:00:00,Manipur,landslide,downpour,0.0,0.0,"Tharon(?) and Langol Tarung villages, Thangmeiband constituency, Imphal, Manipur",pan_ner_csv,reported
24.7679,93.4108,2010-10-08 00:00:00,Assam,landslide,downpour,0.0,0.0,"Nungba, Tamenglong, Manipur",pan_ner_csv,reported
25.6633,94.4703,2010-10-08 00:00:00,Manipur,complex,downpour,0.0,0.0,"Phek, Manipur",pan_ner_csv,reported
25.5242,92.9914,2010-10-09 00:00:00,Assam,landslide,downpour,0.0,0.0,"road between Haflong and Lanka, Assam",pan_ner_csv,reported
25.4749,93.1477,2010-10-09 00:00:00,Assam,landslide,downpour,0.0,0.0,"between Mahur and Maigrandisa(?) or Lumding, Assam",pan_ner_csv,reported
25.1796,93.0083,2010-10-09 00:00:00,Assam,mudslide,downpour,1.0,0.0,"Haflong, Assam",pan_ner_csv,reported
25.682,94.1076,2010-10-09 00:00:00,Nagaland,landslide,downpour,0.0,0.0,"Lower Pezielietsie(Tinpati), Kohima, Manipur",pan_ner_csv,reported
25.5265,93.8673,2010-10-09 00:00:00,Nagaland,landslide,downpour,0.0,0.0,"NH-39 near Khongnem(?) village, between Imphal and Dimapur, Manipur",pan_ner_csv,reported
25.3179,94.0462,2010-10-09 00:00:00,Nagaland,landslide,downpour,0.0,0.0,"NH-39 in Karong area, Manipur",pan_ner_csv,reported
25.4788,94.1399,2010-10-09 00:00:00,Nagaland,landslide,downpour,0.0,0.0,"NH-39 at Tobio village(?), 7 km form Tadubi, Manipur",pan_ner_csv,reported
25.6623,94.1072,2010-10-10 06:00:00,Nagaland,landslide,downpour,0.0,0.0,"Lower Chandmari area, PWD department, Kohima, Manipur",pan_ner_csv,reported
27.5798729,91.85672387,2010-11-22 00:00:00,Arunachal Pradesh,landslide,unknown,0.0,0.0,"Tawang Monastery, Arunachal Pradesh",pan_ner_csv,reported
28.0791,96.5242,2011-03-22 00:00:00,Arunachal Pradesh,landslide,downpour,0.0,0.0,"road from other districts to Hawai(Tawai?) which is  on Lojit river, near Hayuliang,  Anjaw district, Arunachal Pradesh",pan_ner_csv,reported
25.0672,93.4093,2011-05-22 00:00:00,Assam,landslide,downpour,0.0,0.0,"Kaiphundai(?)-Tousem(in Assam) road, Tamenglong district, Manipur",pan_ner_csv,reported
25.0888,92.8551,2011-05-24 00:00:00,Assam,complex,downpour,0.0,0.0,"Silchar-Haflong rd., at Reko(Rekha )(?), near Harangajao, Barail Hills, Assam",pan_ner_csv,reported
25.1555,93.8474,2011-05-31 14:00:00,Manipur,landslide,continuous_rain,0.0,0.0,"Roads between Tamei(Tamma?), Kangpokpi and Chalwa, Manipur",pan_ner_csv,reported
24.8286,93.5935,2011-05-31 14:30:00,Manipur,landslide,downpour,2.0,0.0,"Gaoilung(Gadailong) village(?), Ward 4(?), Tamenglong, Manipur",pan_ner_csv,reported
27.4885,88.4451,2011-06-17 19:30:00,,mudslide,rain,0.0,0.0,"National HWY 31A, Birik (cut off Sikkim)",pan_ner_csv,reported
26.3186,94.5121,2011-06-20 00:00:00,Nagaland,landslide,downpour,0.0,0.0,Mokokchung,pan_ner_csv,reported
25.51614662,94.2341227,2011-06-21 00:00:00,Nagaland,landslide,rain,0.0,0.0,"Lasumi village in Phek district, Kohima",pan_ner_csv,reported
27.2879,88.2579,2011-06-23 23:30:00,,landslide,downpour,16.0,0.0,Villages surrounding the West Sikkim district of ,pan_ner_csv,reported
25.03561729,94.0144205,2011-06-28 00:00:00,Manipur,landslide,rain,0.0,0.0,"Ikou-Gangpijang road, near: Ikou, Saikul, and Gangpijang; Imphal India",pan_ner_csv,reported
25.6682,94.1099,2011-06-28 00:00:00,Nagaland,landslide,downpour,0.0,0.0,"Ruzapfu valley, Kikruma Village, Phek District, Nagaland",pan_ner_csv,reported
25.5125,93.3613,2011-06-29 00:00:00,Assam,landslide,downpour,0.0,0.0,"Portions of NH 39, Connectin Manipur with Assam via Nagaland",pan_ner_csv,reported
25.8782,94.1739,2011-07-01 00:00:00,Nagaland,landslide,downpour,0.0,0.0,NH-61 between Botsa and Chiechama,pan_ner_csv,reported
24.8063,93.9482,2011-07-06 00:00:00,Manipur,landslide,downpour,6.0,0.0,"National Highway 53, Sinam Khul (near Kotlen; ~25 km from Imphal)",pan_ner_csv,reported
25.4191,94.1079,2011-07-07 00:00:00,Nagaland,landslide,rain,0.0,0.0,Maram (80 km north of Imphal),pan_ner_csv,reported
25.6703,94.1095,2011-07-11 09:00:00,Nagaland,landslide,downpour,0.0,0.0,"NH-61, 1 km before reaching Botsa",pan_ner_csv,reported
27.125,93.7145,2011-07-15 18:00:00,Arunachal Pradesh,landslide,downpour,0.0,0.0,Itanagar/Naharlagur/Nirjuli,pan_ner_csv,reported
27.2743,92.9064,2011-07-16 00:00:00,Arunachal Pradesh,landslide,downpour,0.0,0.0,Mebua (8 km from Seppa),pan_ner_csv,reported
26.99195749,88.42280921,2011-07-17 00:00:00,Sikkim,landslide,rain,0.0,0.0,West Bengal-Sikkim at highway Rambi,pan_ner_csv,reported
27.1032,93.6884,2011-07-19 00:00:00,Arunachal Pradesh,landslide,downpour,3.0,0.0,"Itanagar (one near Pachali power house, one near Heema Hospital, and one nearRomik Colony at P Sector)",pan_ner_csv,reported
27.05374234,88.42572376,2011-07-19 00:00:00,Sikkim,landslide,rain,0.0,0.0,200 meters from Teesta Bridge towards Siliguri,pan_ner_csv,reported
24.3527,94.3429,2011-07-22 00:00:00,Manipur,landslide,downpour,0.0,0.0,Manipur,pan_ner_csv,reported
24.7992,93.948,2011-07-22 00:00:00,Manipur,landslide,downpour,0.0,0.0,Heibok Hills,pan_ner_csv,reported
26.5836,93.0038,2011-07-24 12:30:00,Assam,landslide,downpour,0.0,0.0,NH 37,pan_ner_csv,reported
24.6869,93.9157,2011-07-25 00:00:00,Manipur,landslide,downpour,0.0,0.0,Manipur,pan_ner_csv,reported
25.4192,94.108,2011-07-29 00:00:00,Nagaland,landslide,rain,0.0,0.0,"Maram, Manipur",pan_ner_csv,reported
27.1034,93.6885,2011-08-05 00:00:00,Arunachal Pradesh,landslide,downpour,0.0,0.0,Itanagar,pan_ner_csv,reported
27.44,92.2833,2011-08-12 00:00:00,Arunachal Pradesh,landslide,rain,0.0,0.0,East Kameng district in Arunachal Pradesh bordering China,pan_ner_csv,reported
25.7713,93.8067,2011-08-13 08:00:00,Assam,mudslide,downpour,0.0,0.0,"Chumukedima, Dimapur",pan_ner_csv,reported
27.4888,93.0153,2011-08-15 00:00:00,Arunachal Pradesh,landslide,downpour,0.0,0.0,"East Kameng, Arunachal Pradesh",pan_ner_csv,reported
25.5144,90.2167,2011-08-16 08:00:00,Meghalaya,landslide,downpour,6.0,0.0,"Garo Hills, Tura",pan_ner_csv,reported
25.83,94.13,2011-08-18 00:00:00,Nagaland,landslide,monsoon,0.0,0.0, Botsa  and Chiechama,pan_ner_csv,reported
27.13862165,88.22551799,2011-08-23 00:00:00,,landslide,downpour,5.0,0.0,"Samathang, Sikkim",pan_ner_csv,reported
27.7344,88.633,2011-08-25 00:00:00,,landslide,downpour,2.0,0.0,"Hee-Khola, Sikkim",pan_ner_csv,reported
24.808,93.117,2011-09-06 08:00:00,Assam,landslide,rain,3.0,0.0,NH 37 at Awang Khul ,pan_ner_csv,reported
26.1548,91.7351,2011-09-23 00:00:00,Assam,landslide,downpour,4.0,0.0,"Maighuli, Guwahati, Meghalaya",pan_ner_csv,reported
27.5161,88.5575,2011-09-30 00:00:00,,landslide,unknown,0.0,0.0,,pan_ner_csv,reported
25.1604,93.6795,2012-03-04 00:00:00,Manipur,landslide,unknown,0.0,0.0,Tamei constituency in Tamenlong district,pan_ner_csv,reported
28.4659,95.86,2012-04-08 00:00:00,Arunachal Pradesh,landslide,downpour,0.0,0.0,"Endulin Nallah, Mayodia, 17-camp, 83-camp",pan_ner_csv,reported
28.8254,96.1517,2012-06-02 00:00:00,Arunachal Pradesh,landslide,downpour,0.0,0.0,"Arunachal Pradesh, Dibang,",pan_ner_csv,reported
26.1475,91.7356,2012-06-02 00:00:00,Assam,landslide,downpour,0.0,0.0,"Guwahati, Assam",pan_ner_csv,reported
25.3056,93.1265,2012-06-03 00:00:00,Assam,landslide,downpour,0.0,0.0,"between Maibang and Daotohaja, Assam",pan_ner_csv,reported
25.1175,92.8573,2012-06-03 00:00:00,Assam,landslide,downpour,0.0,0.0," between Harangajao and Mailongdisa, Assa,",pan_ner_csv,reported
27.7167,88.5577,2012-06-03 00:00:00,,landslide,downpour,0.0,0.0,"lachen, Sikkim",pan_ner_csv,reported
25.1775,93.0123,2012-06-03 00:00:00,Assam,landslide,downpour,0.0,0.0,"between Haflong and  Bagetar, Assam",pan_ner_csv,reported
27.7565,88.632,2012-06-07 00:00:00,,landslide,downpour,7.0,0.0,"Nathang Maong, Sikkim",pan_ner_csv,reported
27.1748,88.6458,2012-06-07 04:30:00,Sikkim,landslide,rain,7.0,0.0,"Rolep, South Sikkim( Mapping to Rhenock 12 miles from Rolep)",pan_ner_csv,reported
24.8142,93.5444,2012-06-10 00:00:00,Manipur,landslide,downpour,0.0,0.0,"Imphal-Jiribam section of NH-37 , Manipur",pan_ner_csv,reported
25.0951,92.3567,2012-06-13 00:00:00,Assam,landslide,downpour,0.0,0.0,"NH44, Malidhor area,  Baleswar",pan_ner_csv,reported
25.5498,92.0757,2012-06-13 00:00:00,Meghalaya,landslide,downpour,0.0,0.0,"NH44, Kuliang",pan_ner_csv,reported
27.339,88.6065,2012-06-14 04:00:00,Sikkim,landslide,downpour,0.0,0.0,"Tathangchen, Gangtok, Sikkim ",pan_ner_csv,reported
26.149,91.7351,2012-06-20 00:00:00,Assam,landslide,downpour,0.0,0.0,"Lalunggaon, Guwahati,  Assam",pan_ner_csv,reported
26.1226,91.7162,2012-06-22 00:00:00,Assam,landslide,downpour,3.0,0.0,Lalunggaon near Gorchuk area,pan_ner_csv,reported
27.174,95.8011,2012-06-25 00:00:00,Arunachal Pradesh,landslide,downpour,0.0,0.0,"Tirap , Arunachal Pradesh",pan_ner_csv,reported
26.9986,95.4993,2012-06-25 00:00:00,Arunachal Pradesh,landslide,downpour,0.0,0.0,"Khonsa, Arunachal Pradesh",pan_ner_csv,reported
26.1049,91.7369,2012-06-25 18:00:00,Assam,landslide,downpour,1.0,0.0,"Sonaighuli area near Kahilipara, Guwahati City, Assam",pan_ner_csv,reported
28.9986,94.8885,2012-07-05 00:00:00,Arunachal Pradesh,landslide,downpour,0.0,0.0,"Tuting, Upper Siang , Arunachal Pradesh",pan_ner_csv,reported
27.0377,88.3603,2012-09-14 00:00:00,Sikkim,landslide,downpour,0.0,0.0,"Takdah, West Bengal",pan_ner_csv,reported
27.1675,88.3651,2012-09-16 00:00:00,Sikkim,landslide,downpour,0.0,0.0,"Namchi to Phongla, Namchi to Melli ,Namchi to Sumbuk",pan_ner_csv,reported
27.8458,95.2253,2012-09-19 00:00:00,Arunachal Pradesh,landslide,downpour,0.0,0.0, Arunachal Pradesh ,pan_ner_csv,reported
27.8385,88.556,2012-09-19 00:00:00,,landslide,downpour,20.0,0.0,"North Skkimm Hwy between, Chungthang and Mangan, North Skimm (9 landslides)",pan_ner_csv,reported
27.6558,88.605,2012-09-19 00:00:00,,landslide,downpour,0.0,0.0," Chungthang and Pegong. Houses, between Rangma and Chungthang ",pan_ner_csv,reported
23.7705,92.5217,2012-11-11 00:00:00,Mizoram,landslide,downpour,4.0,0.0,"Dapchhuah, Mamit, Mizoram",pan_ner_csv,reported
28.1193,95.1645,2013-02-18 00:00:00,Arunachal Pradesh,landslide,rain,3.0,2.0,"East Siang, Arunachal Pradesh",pan_ner_csv,reported
28.8254,96.1509,2013-04-07 00:00:00,Arunachal Pradesh,landslide,rain,0.0,0.0,"Dibang Valley, Arunachal Pradesh",pan_ner_csv,reported
24.2315,92.6755,2013-05-07 00:00:00,Mizoram,mudslide,rain,0.0,0.0,"Kolasib, Saiha, Mizoram,",pan_ner_csv,reported
24.0896,91.4663,2013-05-08 00:00:00,Tripura,landslide,rain,1.0,0.0,"Purba Simna, Tripura",pan_ner_csv,reported
26.1016,91.6906,2013-05-11 00:00:00,Assam,landslide,rain,0.0,0.0,"Boragaon, North Guwahati, Guwahati, Assam,",pan_ner_csv,reported
26.1771,91.7599,2013-05-11 00:00:00,Assam,landslide,rain,0.0,1.0,"Sarania Hills, North Guwahati, Guwahati, Assam,",pan_ner_csv,reported
23.7281,92.7175,2013-05-11 09:00:00,Mizoram,landslide,rain,15.0,0.0,"Laipuitland , Aizawl, Mizoram",pan_ner_csv,reported
26.1662,91.7138,2013-05-11 09:00:00,Assam,landslide,rain,0.0,0.0,"Nursery, North Guwahati, Guwahati, Assam,",pan_ner_csv,reported
24.9926,93.4946,2013-05-12 00:00:00,Assam,mudslide,rain,0.0,0.0,"Khongsang, Tamenglong, Manipur,",pan_ner_csv,reported
27.8776,94.25,2013-06-01 00:00:00,Arunachal Pradesh,landslide,downpour,0.0,0.0,Upper Subansiri,pan_ner_csv,reported
26.0977,94.7031,2013-06-07 00:00:00,Nagaland,landslide,unknown,0.0,0.0,"Kuthur – Huker Road Via Y Anner, Chessore, Nagaland",pan_ner_csv,reported
26.0977,94.7499,2013-06-07 00:00:00,Nagaland,landslide,unknown,0.0,0.0,"Helipong-Chessore Road, Nagaland",pan_ner_csv,reported
27.3721,88.708,2013-06-08 17:00:00,Sikkim,landslide,downpour,0.0,0.0,"15 Km From Gangtok, Himalayans",pan_ner_csv,reported
27.3765,88.7628,2013-06-27 23:00:00,Sikkim,landslide,downpour,0.0,0.0,"Near Changu Lake, 15Km Away From Nathu La, On India-China Border In Eastern Sikkim",pan_ner_csv,reported
26.1147,94.3864,2013-07-01 00:00:00,Nagaland,landslide,downpour,0.0,0.0,"Thillong Village, Doyang Along State Highway 1, Wokha To Merapani Road",pan_ner_csv,reported
26.72,95.029,2013-07-01 00:00:00,Nagaland,landslide,downpour,0.0,0.0,"Walo Ward, Mon Town, Wokha District, Nagaland",pan_ner_csv,reported
25.6269,94.1139,2013-07-12 00:00:00,Nagaland,landslide,downpour,0.0,0.0,"National Highway 29 Near Phesama Village, Nagaland",pan_ner_csv,reported
25.616,94.1167,2013-07-12 23:00:00,Nagaland,landslide,downpour,0.0,0.0,"National Highway 2 Near Phesama Village Close To Kisama Naha Heritage Site, Kohima District, Nagaland",pan_ner_csv,reported
25.6269,94.1139,2013-07-15 00:00:00,Nagaland,landslide,rain,0.0,0.0,"National Highway 29 Near Phesama Village, Nagaland",pan_ner_csv,reported
25.7131,94.0885,2013-07-17 00:00:00,Nagaland,mudslide,rain,0.0,0.0,"National Highway 2 Near Meriema Village, 10 Km Away From Kohima",pan_ner_csv,reported
25.7658,93.9413,2013-07-17 00:00:00,Nagaland,mudslide,rain,0.0,0.0,"National Highway 29 Between Patkai Bridge And Kukidolong, Nagaland",pan_ner_csv,reported
27.8837,93.0515,2013-08-01 00:00:00,Arunachal Pradesh,mudslide,rain,0.0,0.0,"Polo River At Polosang, Arunachal Pradesh",pan_ner_csv,reported
26.0137,94.5163,2013-08-04 00:00:00,Nagaland,landslide,continuous_rain,0.0,0.0,"Zunheboto, Nagaland",pan_ner_csv,reported
26.284,94.5808,2013-08-04 00:00:00,Nagaland,landslide,continuous_rain,0.0,0.0,"Nanga, Nagaland",pan_ner_csv,reported
26.2083,94.5438,2013-08-04 00:00:00,Nagaland,landslide,monsoon,0.0,0.0,"Longsa, Nagaland",pan_ner_csv,reported
26.1498,94.6055,2013-08-04 00:00:00,Nagaland,landslide,monsoon,0.0,0.0,"Suruhuto Town, Nagaland",pan_ner_csv,reported
26.0838,94.564,2013-08-04 00:00:00,Nagaland,landslide,rain,0.0,0.0,"Suruhuto Town, Nagaland",pan_ner_csv,reported
26.0481,94.4619,2013-08-04 00:00:00,Nagaland,landslide,continuous_rain,0.0,0.0,"Phizo, Nagaland",pan_ner_csv,reported
26.1807,94.5497,2013-08-04 00:00:00,Nagaland,landslide,monsoon,0.0,0.0,"Zhekuto, Nagaland",pan_ner_csv,reported
25.8376,94.5234,2013-08-04 00:00:00,Nagaland,landslide,continuous_rain,0.0,0.0,"Tizu, Nagaland",pan_ner_csv,reported
25.318,94.0441,2013-08-09 00:00:00,Nagaland,landslide,downpour,0.0,0.0,"Senapati, Manipur",pan_ner_csv,reported
26.7103,94.693,2013-08-11 23:00:00,Assam,landslide,downpour,0.0,0.0,Kangtsung Village,pan_ner_csv,reported
25.3833,94.1884,2013-08-15 00:00:00,Nagaland,landslide,downpour,0.0,0.0,"Koide Government High School, Senapati, Manipur",pan_ner_csv,reported
26.3897,94.9439,2013-08-16 00:00:00,Nagaland,landslide,rain,0.0,0.0,"Tobu, Nagaland",pan_ner_csv,reported
26.4205,94.9731,2013-08-16 00:00:00,Nagaland,landslide,rain,0.0,0.0,"Yakshu, Nagaland",pan_ner_csv,reported
26.8727,94.9275,2013-08-16 00:00:00,Assam,landslide,rain,0.0,0.0,"Longlem, Nagaland",pan_ner_csv,reported
24.7625,93.4341,2013-08-17 23:00:00,Assam,landslide,continuous_rain,0.0,0.0,The Imphal-Jiribam Section Of Nh-37 In Tamenglong District,pan_ner_csv,reported
26.4205,94.9731,2013-08-30 00:00:00,Nagaland,mudslide,unknown,0.0,0.0,"Yakshu, Nagaland",pan_ner_csv,reported
24.9037,93.487,2013-09-01 00:00:00,Manipur,mudslide,continuous_rain,0.0,0.0,"Tamenglong- Khongsang Road, Manipur",pan_ner_csv,reported
24.9829,93.5063,2013-09-01 00:00:00,Assam,mudslide,continuous_rain,0.0,0.0,"Tamenglong, Manipur",pan_ner_csv,reported
27.3425,88.2426,2013-09-01 18:00:00,Sikkim,landslide,downpour,5.0,0.0,Tamabong Village In Sikkim State,pan_ner_csv,reported
28.611,94.9829,2013-09-02 00:00:00,Arunachal Pradesh,landslide,downpour,0.0,0.0,"Gosang Village Under Jengging Circle, Arunachal Pradesh",pan_ner_csv,reported
27.1614,93.7525,2013-09-02 00:00:00,Arunachal Pradesh,landslide,downpour,0.0,0.0,Arunachal Pradesh,pan_ner_csv,reported
27.3736,88.7323,2013-09-07 15:00:00,Sikkim,landslide,rain,0.0,0.0,14 Milestone Of J N Marg Near Kyangnosola (East Sikkim),pan_ner_csv,reported
27.6047,88.6463,2013-09-08 00:00:00,,rock_fall,rain,1.0,2.0,"Chungthang, Sikkim",pan_ner_csv,reported
25.0985,94.3619,2013-09-24 00:00:00,Manipur,landslide,unknown,0.0,0.0,"Ukhrul, Manipur",pan_ner_csv,reported
25.8266,94.1497,2013-10-05 23:00:00,Nagaland,mudslide,continuous_rain,0.0,0.0,"Chiechama, Nagaland",pan_ner_csv,reported
26.1665,91.7049,2013-10-06 00:00:00,Assam,landslide,downpour,0.0,0.0,"Nilachal Hill, Guwahati, Assam",pan_ner_csv,reported
26.1309,91.8383,2013-10-06 12:45:00,Assam,landslide,downpour,1.0,0.0,"Batahguli, Guwahati, Assam",pan_ner_csv,reported
25.426,94.6024,2013-10-13 19:30:00,Manipur,mudslide,downpour,0.0,0.0,"Tusom, Manipur",pan_ner_csv,reported
27.9032,96.174,2014-05-08 00:00:00,Arunachal Pradesh,mudslide,rain,0.0,0.0,Lohit District of Arunachal Pradesh,pan_ner_csv,reported
24.8669,92.3576,2014-05-09 23:00:00,Assam,landslide,rain,7.0,0.0,"Satgarakul Village, Karimganj, Assam State",pan_ner_csv,reported
28.9205,95.3429,2014-06-26 23:00:00,Arunachal Pradesh,landslide,continuous_rain,0.0,0.0,Arunachal Pradesh,pan_ner_csv,reported
26.1844,91.7896,2014-06-26 23:00:00,Assam,landslide,continuous_rain,1.0,0.0,Bamunimaidam,pan_ner_csv,reported
26.1407,91.7645,2014-06-26 23:00:00,Assam,landslide,continuous_rain,3.0,0.0,Narakasur,pan_ner_csv,reported
26.1619,91.7697,2014-06-27 00:00:00,Assam,landslide,rain,3.0,0.0,"Bhangagarh, Assam",pan_ner_csv,reported
26.1964,91.7652,2014-06-28 09:00:00,Assam,landslide,rain,0.0,0.0,"Kharghuli Hills, Assam",pan_ner_csv,reported
23.7327,92.7463,2014-07-14 18:00:00,Mizoram,landslide,downpour,1.0,2.0,"Zembabawk, Aizawl",pan_ner_csv,reported
23.0137,91.7174,2014-08-14 23:00:00,Tripura,mudslide,downpour,3.0,0.0,Sabroom,pan_ner_csv,reported
27.0869,93.6086,2014-08-17 00:00:00,Arunachal Pradesh,landslide,downpour,0.0,0.0,Arunachal Pradesh/Itanagar,pan_ner_csv,reported
25.9466,94.6279,2014-09-08 00:00:00,Nagaland,mudslide,unknown,0.0,0.0,Kiphire-Seyochung road near Yangzitong village,pan_ner_csv,reported
25.7354,90.3852,2014-09-21 00:00:00,Meghalaya,landslide,continuous_rain,0.0,0.0,National Highway 51,pan_ner_csv,reported
26.1097,91.7747,2014-09-22 00:00:00,Assam,landslide,rain,1.0,0.0,Lalmati,pan_ner_csv,reported
26.1001,91.6849,2014-09-22 00:00:00,Assam,landslide,rain,0.0,0.0,Pamohi,pan_ner_csv,reported
26.1985,91.7998,2014-09-22 00:00:00,Assam,landslide,rain,0.0,0.0,Noonmati,pan_ner_csv,reported
26.1314,91.7548,2014-09-22 00:00:00,Assam,landslide,rain,0.0,0.0,Dakhingaon,pan_ner_csv,reported
26.159,91.8178,2014-09-22 00:00:00,Assam,landslide,rain,0.0,0.0,VIP Road,pan_ner_csv,reported
26.1295,91.7056,2014-09-22 00:00:00,Assam,landslide,rain,0.0,0.0,Dhirenpara,pan_ner_csv,reported
26.1044,91.7082,2014-09-22 00:00:00,Assam,landslide,rain,0.0,0.0,Garchuk,pan_ner_csv,reported
26.1324,91.8342,2014-09-22 00:00:00,Assam,landslide,rain,0.0,1.0,Batahghuli,pan_ner_csv,reported
25.7238,89.9032,2014-09-23 00:00:00,Assam,landslide,continuous_rain,1.0,0.0,Hatsingimari,pan_ner_csv,reported
25.5772,91.8666,2014-09-23 03:00:00,Meghalaya,landslide,continuous_rain,8.0,1.0,Mawbah under Mawprem area,pan_ner_csv,reported
25.8143,90.5763,2014-09-24 00:00:00,Meghalaya,landslide,continuous_rain,0.0,0.0,Meghalaya,pan_ner_csv,reported
27.1249,93.7706,2014-10-01 11:00:00,Arunachal Pradesh,landslide,unknown,5.0,0.0,Karsingsa block point,pan_ner_csv,reported
25.9702,91.8587,2014-10-05 17:45:00,Meghalaya,landslide,rain,1.0,0.0,Jorabat-Umiam route,pan_ner_csv,reported
25.5006,90.0896,2014-10-20 00:00:00,Meghalaya,landslide,rain,6.0,0.0,South West Garo Hills,pan_ner_csv,reported
26.1468,91.6469,2015-02-14 00:00:00,Assam,landslide,mining,1.0,2.0,Kailashpur hill,pan_ner_csv,reported
24.6108,92.562,2015-02-19 23:00:00,Assam,landslide,mining,2.0,1.0,,pan_ner_csv,reported
25.0318,92.4584,2015-03-19 00:00:00,Assam,landslide,rain,0.0,0.0,Ratacherra,pan_ner_csv,reported
27.6163,88.6586,2015-05-24 00:00:00,Sikkim,landslide,unknown,0.0,0.0,"Bop, Sikkim",pan_ner_csv,reported
27.0987,93.816,2015-06-09 00:00:00,Arunachal Pradesh,landslide,continuous_rain,2.0,2.0,"Itanagar, Arunachal Pradesh",pan_ner_csv,reported
25.463,92.2121,2015-06-13 00:00:00,Meghalaya,landslide,continuous_rain,4.0,2.0,"Ratacherra village along the NH-44 connecting to Barak Valley in Assam and Tripura, Meghalaya, Mizoramon",pan_ner_csv,reported
25.5084,90.2191,2015-06-16 00:00:00,Meghalaya,rock_fall,downpour,1.0,0.0,Akonggre,pan_ner_csv,reported
25.5114,90.215,2015-06-16 06:15:00,Meghalaya,landslide,downpour,4.0,0.0,"Nakham Bazaar, Tura, Meghalaya",pan_ner_csv,reported
25.16,93.686,2015-06-19 00:00:00,Manipur,landslide,monsoon,0.0,0.0,"amei to Kangpokpi via Imphal road, 0.5 km from Tamei, Tamenglang District",pan_ner_csv,reported
23.7131,92.7362,2015-06-19 00:00:00,Mizoram,landslide,rain,0.0,0.0,"Muanna locality, Mizoram",pan_ner_csv,reported
26.0319,94.5466,2015-06-24 00:00:00,Nagaland,landslide,continuous_rain,0.0,0.0,"New Land (""""New Colony"""")",pan_ner_csv,reported
27.0816,88.4397,2015-07-07 00:00:00,Sikkim,landslide,continuous_rain,0.0,0.0,"NH-10, Sepi Jhora, Kalimpong",pan_ner_csv,reported
27.36,93.0385,2015-07-15 08:00:00,Arunachal Pradesh,landslide,monsoon,3.0,0.0,Type-IV Colony of Seppa in East Kameng,pan_ner_csv,reported
25.5007,93.9854,2015-07-22 00:00:00,Manipur,landslide,continuous_rain,0.0,0.0,Willong-Yangkhullen stretch,pan_ner_csv,reported
25.3908,94.0926,2015-07-22 00:00:00,Manipur,landslide,continuous_rain,0.0,0.0,NH-2 between Senapati and Mao,pan_ner_csv,reported
24.7979,92.9974,2015-07-22 00:00:00,Assam,landslide,continuous_rain,5.0,0.0,Lakhipur,pan_ner_csv,reported
25.4538,93.9827,2015-07-22 00:00:00,Manipur,landslide,continuous_rain,0.0,0.0,22 kms to 30 kms between Sangkungmai and Willong,pan_ner_csv,reported
25.4477,94.0489,2015-07-22 00:00:00,Manipur,landslide,continuous_rain,0.0,0.0,"15 kms from Maram, National Highway-102/A (Maram Peren road)",pan_ner_csv,reported
25.5098,93.8794,2015-07-22 00:00:00,Manipur,landslide,continuous_rain,0.0,0.0,Yangkhullen-Tamphung road till Nagaland border,pan_ner_csv,reported
24.9818,93.5142,2015-07-24 00:00:00,Manipur,mudslide,monsoon,0.0,0.0,Tamenglong Ward No-IV,pan_ner_csv,reported
26.1062,91.8717,2015-07-25 09:00:00,Assam,landslide,continuous_rain,2.0,0.0,,pan_ner_csv,reported
24.819,94.3551,2015-07-31 09:00:00,Manipur,landslide,continuous_rain,0.0,0.0,Phungyar road,pan_ner_csv,reported
25.0634,94.3415,2015-07-31 23:00:00,Manipur,mudslide,continuous_rain,0.0,0.0,Naga Gate along the Ukhrul-Imphal route,pan_ner_csv,reported
24.954,94.2156,2015-08-01 00:00:00,Manipur,landslide,continuous_rain,0.0,0.0,Imphal-Ukhrul road,pan_ner_csv,reported
24.416,94.0984,2015-08-01 00:00:00,Manipur,landslide,continuous_rain,0.0,0.0,Senam,pan_ner_csv,reported
25.1122,94.3591,2015-08-01 00:00:00,Manipur,landslide,continuous_rain,0.0,0.0,Ukhrul town Circular road from Rayotang to Viewland Zone II,pan_ner_csv,reported
24.4072,94.0644,2015-08-01 00:00:00,Manipur,landslide,continuous_rain,0.0,0.0,between Bongyang and Lokchao along the Imphal-Moreh highway,pan_ner_csv,reported
24.9111,94.4759,2015-08-01 00:00:00,Manipur,landslide,continuous_rain,0.0,0.0,between Maku village and Kamjong sub division,pan_ner_csv,reported
23.899,94.1434,2015-08-01 00:00:00,Manipur,landslide,rain,0.0,0.0,"Tuitung village, Khengjoi",pan_ner_csv,reported
23.9939,94.0573,2015-08-01 00:00:00,Manipur,landslide,continuous_rain,0.0,0.0,near S Lamphei Lamkhai and Sehlon village,pan_ner_csv,reported
25.1941,94.4481,2015-08-01 00:00:00,Manipur,landslide,continuous_rain,0.0,0.0,Ukhrul NH 201-Jessami road,pan_ner_csv,reported
24.1419,94.1078,2015-08-01 00:00:00,Manipur,landslide,continuous_rain,0.0,0.0,between Moltuk to New Songjang village,pan_ner_csv,reported
24.3481,94.1146,2015-08-01 00:00:00,Manipur,landslide,unknown,0.0,0.0,Chandel,pan_ner_csv,reported
24.4265,94.1913,2015-08-01 00:00:00,Manipur,landslide,continuous_rain,0.0,0.0,between Tengnoupal-Sita junction and Tengnoupal Power Sub-Station,pan_ner_csv,reported
23.9278,94.0906,2015-08-01 00:00:00,Manipur,landslide,rain,0.0,0.0,"Wayang, Khengjoi",pan_ner_csv,reported
24.1988,94.1016,2015-08-01 00:00:00,Manipur,landslide,continuous_rain,0.0,0.0,between Chalong and Paraolon,pan_ner_csv,reported
24.004,93.9815,2015-08-01 00:00:00,Manipur,landslide,continuous_rain,0.0,0.0,"Holenjang, Chandel district",pan_ner_csv,reported
25.72,94.6219,2015-08-02 00:00:00,Nagaland,landslide,continuous_rain,0.0,0.0,Meluri Sub-Division in Phek District of Nagaland,pan_ner_csv,reported
24.7016,93.5291,2015-08-11 00:00:00,Manipur,landslide,continuous_rain,0.0,0.0,Khoupum,pan_ner_csv,reported
25.1019,93.3729,2015-08-11 00:00:00,Manipur,landslide,continuous_rain,0.0,0.0,Tousem,pan_ner_csv,reported
24.7459,93.4251,2015-08-11 00:00:00,Manipur,landslide,continuous_rain,0.0,0.0,Nungba,pan_ner_csv,reported
25.6237,94.1136,2015-08-12 00:00:00,Nagaland,mudslide,continuous_rain,0.0,0.0,Phesama village,pan_ner_csv,reported
27.8835,96.9262,2015-08-16 00:00:00,Arunachal Pradesh,landslide,continuous_rain,0.0,0.0,Hawai,pan_ner_csv,reported
28.1737,94.7596,2015-08-18 00:00:00,Arunachal Pradesh,landslide,unknown,1.0,0.0,Arunachal Pradesh,pan_ner_csv,reported
25.5145,90.2023,2015-08-18 09:00:00,Meghalaya,landslide,continuous_rain,0.0,0.0,Tura Civil Hospital,pan_ner_csv,reported
26.0214,94.5224,2015-08-19 00:00:00,Nagaland,landslide,continuous_rain,0.0,0.0,Zunheboto district,pan_ner_csv,reported
25.0728,92.3636,2015-08-19 00:00:00,Meghalaya,landslide,rain,0.0,0.0,National Highway at Kuliang,pan_ner_csv,reported
25.1416,92.3807,2015-08-19 00:00:00,Meghalaya,landslide,rain,0.0,0.0,Tongseng,pan_ner_csv,reported
25.2568,92.3825,2015-08-19 00:00:00,Meghalaya,landslide,rain,0.0,0.0,National Highway 44,pan_ner_csv,reported
25.2193,90.5549,2015-08-19 09:00:00,Meghalaya,landslide,continuous_rain,0.0,0.0,NH-62 at Sibbari,pan_ner_csv,reported
25.6278,94.1051,2015-08-19 15:00:00,Nagaland,landslide,continuous_rain,0.0,0.0,Phesama,pan_ner_csv,reported
25.6263,94.1057,2015-08-20 18:00:00,Nagaland,landslide,continuous_rain,0.0,0.0,between Phesama and Kuima in Nagaland,pan_ner_csv,reported
26.1028,91.8806,2015-08-22 09:00:00,Assam,landslide,continuous_rain,0.0,0.0,Natonal Highway in Jorabat area,pan_ner_csv,reported
23.3572,92.7878,2015-08-26 00:00:00,Mizoram,landslide,continuous_rain,1.0,0.0,Sailam village,pan_ner_csv,reported
23.8447,93.0514,2015-08-26 00:00:00,Mizoram,mudslide,continuous_rain,0.0,0.0,Phullen’s main road,pan_ner_csv,reported
23.7269,92.7265,2015-08-27 00:00:00,Mizoram,landslide,downpour,0.0,0.0,three graveyards within Aizawl,pan_ner_csv,reported
24.042,92.6724,2015-08-27 00:00:00,Mizoram,landslide,downpour,0.0,0.0,"National Highway 54, at Kawnpui town",pan_ner_csv,reported
23.4495,92.8112,2015-08-28 01:45:00,Mizoram,landslide,downpour,0.0,0.0,"Mizoram, India",pan_ner_csv,reported
26.49349035,91.72137514,2015-09-01 00:00:00,Assam,landslide,rain,2.0,0.0,Amingaon,pan_ner_csv,reported
26.1868,91.6739,2015-09-01 00:00:00,Assam,rock_fall,rain,2.0,0.0,Maligaon,pan_ner_csv,reported
26.048,91.8695,2015-09-05 00:00:00,Meghalaya,landslide,unknown,0.0,0.0,Byrnihat,pan_ner_csv,reported
25.9703,91.8584,2015-09-06 15:00:00,Meghalaya,landslide,unknown,0.0,0.0,"Umling, Meghalaya 793102, India",pan_ner_csv,reported
23.7313,92.7187,2015-09-14 01:30:00,Mizoram,landslide,downpour,0.0,0.0,"Aizawl, Mizoram, India",pan_ner_csv,reported
23.7348,92.7187,2015-09-14 03:10:00,Mizoram,landslide,downpour,0.0,0.0,"Aizawl, Mizoram, India",pan_ner_csv,reported
26.1666,91.7042,2015-09-23 00:00:00,Assam,landslide,continuous_rain,0.0,0.0,Kamakhya Temple,pan_ner_csv,reported
25.583,91.893,2015-09-23 15:00:00,Meghalaya,landslide,downpour,2.0,1.0,"Shillong, Meghalaya, India",pan_ner_csv,reported
26.7223,95.0243,2016-04-19 00:00:00,Nagaland,landslide,continuous_rain,0.0,0.0,"Techahan Ward, Mon, Nagaland, India",pan_ner_csv,reported
27.5799,91.8569,2016-04-22 02:30:00,Arunachal Pradesh,landslide,continuous_rain,17.0,0.0,"Tawang, Arunachal Pradesh",pan_ner_csv,reported
28.0822,96.5316,2016-05-01 00:00:00,Arunachal Pradesh,landslide,downpour,0.0,0.0,"Hayuliang, Anjaw district,Arunachal Pradesh, India",pan_ner_csv,reported
24.5204,92.7264,2016-05-18 08:00:00,Assam,landslide,continuous_rain,2.0,0.0,"Bilaipur, Hailakandi district, Assam, India",pan_ner_csv,reported
24.5308,92.5121,2016-05-18 08:00:00,Assam,landslide,continuous_rain,1.0,0.0,"Ramchandi , Hailakandi District, Assam, India",pan_ner_csv,reported
24.4638,92.4943,2016-05-18 08:00:00,Assam,landslide,continuous_rain,5.0,0.0,"Sonachirra, Karimganj district, Assam, India",pan_ner_csv,reported
24.5202,92.7239,2016-05-18 08:00:00,Assam,landslide,continuous_rain,2.0,0.0,"Bilaipur, Hailakandi district, Assam, India",pan_ner_csv,reported
26.1677,94.2442,2016-06-12 00:00:00,Nagaland,landslide,continuous_rain,0.0,0.0,"on road between Mon and Tobu near Telangsao Hydro project , Nagaland, India",pan_ner_csv,reported
27.6438,93.871,2016-06-12 23:00:00,Arunachal Pradesh,landslide,downpour,0.0,0.0,"NH 13 10 kilometers from Old Ziro, Arunachal Pradesh, India",pan_ner_csv,reported
26.3185,94.5247,2016-06-14 08:00:00,Nagaland,landslide,continuous_rain,0.0,0.0,"lower Majakong Ward, Mokokchung, Nagaland, India",pan_ner_csv,reported
26.1961,91.7825,2016-06-22 12:00:00,Assam,mudslide,downpour,1.0,0.0,"Piyali Phukan Nagar, Guwahati, India",pan_ner_csv,reported
27.0136,92.6351,2016-07-01 00:00:00,Arunachal Pradesh,landslide,downpour,5.0,3.0,"Old Inspection Bungalow, Bhalukpong town, West Kameng, Arunachal Pradesh, India",pan_ner_csv,reported
25.0118,94.3136,2016-07-07 00:00:00,Manipur,landslide,monsoon,0.0,0.0,"Imphal-Ukhrul sector of National Highway 102, Manipur, India",pan_ner_csv,reported
25.9611,91.3681,2016-07-07 00:00:00,Assam,landslide,continuous_rain,2.0,2.0,"Kamrup district, Assam, India",pan_ner_csv,reported
25.7902,94.1318,2016-07-10 00:00:00,Nagaland,landslide,downpour,0.0,0.0,"National Highway 2, near Kohima, Nagaland, India",pan_ner_csv,reported
26.1699,94.4922,2016-07-11 23:00:00,Nagaland,landslide,unknown,0.0,0.0,"North Point Colony, Akuluto, Nagaland, India",pan_ner_csv,reported
26.1768,91.7702,2016-07-14 00:00:00,Assam,landslide,monsoon,1.0,0.0,"Pub Sarania hill, South Sarania, Guwahati, Assam, India",pan_ner_csv,reported
26.1963,91.8074,2016-07-14 00:00:00,Assam,landslide,monsoon,1.0,0.0,"Noonmati Nijarapar area of the city, Guwahati, Assam, India",pan_ner_csv,reported
27.3034,93.804,2016-07-16 00:00:00,Arunachal Pradesh,mudslide,downpour,1.0,0.0,"Hoj-Potin Highway, Arunachal Pradesh, India",pan_ner_csv,reported
28.235,94.9612,2016-07-19 00:00:00,Arunachal Pradesh,landslide,downpour,0.0,0.0,"5 km off Sangam point on Aalo- Pangin road, Arunachal Pradesh, India",pan_ner_csv,reported
25.203,90.5573,2016-07-19 00:00:00,Meghalaya,translational_slide,continuous_rain,0.0,0.0,"Rongthragittim Songittal village, near Sibbari, South Garo Hills District, Meghalaya, India",pan_ner_csv,reported
26.09748244,91.8744337,2016-07-19 09:00:00,Meghalaya,landslide,unknown,0.0,1.0,"12th Mile area at Jorabat, Meghalaya, India",pan_ner_csv,reported
26.1966,91.802,2016-07-20 00:00:00,Assam,landslide,rain,0.0,0.0,"Noonmati, Guwahati, Assam, India",pan_ner_csv,reported
25.48,94.1383,2016-07-25 12:30:00,Manipur,landslide,continuous_rain,0.0,1.0,"Imphal-Dimapur road  in Tadubi, Senapati district, Manipur, India",pan_ner_csv,reported
26.0101,94.5282,2016-07-26 23:00:00,Nagaland,landslide,downpour,0.0,0.0,"Zunheboto, Nagaland, India",pan_ner_csv,reported
27.5748,91.8644,2016-07-28 00:00:00,Arunachal Pradesh,landslide,monsoon,0.0,0.0,"Dolma Lhakang complex, Lumla, Tawang,  Arunachal Pradesh, India",pan_ner_csv,reported
23.5397,93.3783,2016-07-28 23:00:00,Mizoram,landslide,continuous_rain,2.0,6.0,"Ngur, near Mizoram-Myanmar border, India",pan_ner_csv,reported
25.8702,94.7844,2016-07-28 23:00:00,Nagaland,landslide,downpour,0.0,0.0,"Government Middle School (GMS) Kiphire station “B”, Kiphire, Nagaland, India",pan_ner_csv,reported
27.5754,91.9754,2016-08-05 00:00:00,Arunachal Pradesh,landslide,downpour,0.0,3.0,Babrang village under Jang circle in Tawang district,pan_ner_csv,reported
27.2676,88.2891,2016-10-12 00:00:00,Sikkim,landslide,continuous_rain,0.0,0.0,Legship,pan_ner_csv,reported
27.172,88.5292,2016-10-15 00:00:00,Sikkim,landslide,downpour,0.0,0.0,Rangpo,pan_ner_csv,reported
27.1695,88.3664,2016-10-15 00:00:00,Sikkim,landslide,rain,0.0,0.0,Namchi,pan_ner_csv,reported
25.67836832000006,91.92343430200005,2017-06-17 00:00:00,Meghalaya,landslide,continuous_rain,3.0,0.0,"Umiam, Ribhoi, Meghalaya",COOLR_citizen_report,unverified
25.731119415000023,93.98827528000004,2017-07-09 02:00:00,Nagaland,landslide,continuous_rain,0.0,0.0,"Peducha, Kohima, Nagaland State, India",COOLR_citizen_report,unverified
23.832919454000034,92.63125937800004,2017-08-26 00:00:00,Mizoram,landslide,downpour,,,"Lengpui Village, Aizawl, Mizoram, India",COOLR_citizen_report,unverified
27.20938410800005,93.61539278800008,2017-07-11 16:00:00,Arunachal Pradesh,landslide,continuous_rain,14.0,0.0,"Laptap, Papum Pare, Arunachal Pradesh, India",COOLR_citizen_report,unverified
26.33125309500008,94.55427722900004,2017-07-01 22:00:00,Nagaland,landslide,downpour,0.0,0.0,"Chuchuyimpang, Mokokchung, Nagaland",COOLR_citizen_report,unverified
25.588227361000065,92.02269564300008,2019-07-09 12:37:24,Meghalaya,landslide,continuous_rain,,,"Mawiong, Mawryngkneng, East Khasi Hills, Meghalaya",COOLR_citizen_report,unverified
23.73354779400006,92.74744512300003,2017-06-10 16:00:00,Mizoram,landslide,rain,2.0,,,COOLR_citizen_report,unverified
27.495328694000023,88.53648440200004,2018-09-14 00:00:00,Sikkim,landslide,continuous_rain,,,"Mangan, North District, Sikkim, IND",COOLR_citizen_report,unverified
25.181453000000037,93.11810500000009,2017-04-04 00:00:00,Assam,landslide,rain,0.0,0.0,"Mahur, Assam, India",COOLR_citizen_report,unverified
25.26049558000005,94.01914123400007,2017-08-26 00:00:00,Manipur,mudslide,flooding,,,"Senapati, Mao-Maram, Senapati, Manipur",COOLR_citizen_report,unverified
27.104022001000036,93.61156568300004,2017-04-26 00:00:00,Arunachal Pradesh,landslide,continuous_rain,0.0,0.0,"Senki View, Itanagar, Papum Pare, Arunachal Pradesh, India",COOLR_citizen_report,unverified
27.04768642800008,93.61899644100004,2017-06-30 11:00:00,Arunachal Pradesh,landslide,downpour,0.0,0.0,"Jollang, Itanagar Sub-District, Papum Pare, Arunachal Pradesh, 791123",COOLR_citizen_report,unverified
24.827675717000037,93.51825000000008,2017-07-09 09:00:00,Manipur,landslide,continuous_rain,0.0,0.0,"NH-37, Manipur State, India",COOLR_citizen_report,unverified
27.76979299900006,93.50995626300003,2017-05-24 14:00:00,Arunachal Pradesh,mudslide,rain,1.0,0.0,"Sarli-Damin road in Kurung Kumey district, near Lee village",COOLR_citizen_report,unverified
25.77171291600007,93.93507182700006,2017-04-07 00:00:00,Nagaland,landslide,rain,0.0,0.0,"Medziphema, Dimapur, Nagaland",COOLR_citizen_report,unverified
25.13222800000005,93.04681000000004,2017-04-04 00:00:00,Assam,landslide,rain,0.0,0.0,"N. Leikul, Assam, India",COOLR_citizen_report,unverified
23.71701895900003,91.61577213700008,2018-05-20 00:00:00,Tripura,landslide,downpour,1.0,2.0,"Dhanlekha Kaipeng, Gomati district, Tripura, India",COOLR_citizen_report,unverified
27.058803844000067,93.54136779000004,2017-06-21 07:00:00,Arunachal Pradesh,landslide,rain,0.0,0.0,"Poma, 6km away from Itanagar",COOLR_citizen_report,unverified
25.660517000000027,94.10493100000008,2016-08-25 00:00:00,Nagaland,mudslide,rain,,,"Near Kohima, Nagaland, India",COOLR_citizen_report,unverified
22.908135480000052,92.47207294300006,2017-06-09 00:00:00,Mizoram,landslide,rain,10.0,,"Tlabung, Lungsen, Lunglei, Mizoram",COOLR_citizen_report,unverified
25.837625891000076,93.94633447900009,2017-06-25 00:00:00,Nagaland,mudslide,continuous_rain,0.0,0.0,"Ghokuto, Nagaland",COOLR_citizen_report,unverified
27.303999000000037,92.40781300000005,2017-09-30 10:30:00,Arunachal Pradesh,rock_fall,unknown,,,"5 mile area, between Bomdila and Dirang road, Chariduar - Tawang Road, India.",COOLR_citizen_report,unverified
27.583849000000043,91.87694500000003,2017-07-11 00:00:00,Arunachal Pradesh,landslide,rain,19.0,0.0,"Tawang, Arunchal Pradesh",COOLR_citizen_report,unverified
25.51826286100004,91.96302939700008,2017-02-15 00:00:00,Meghalaya,landslide,mining,2.0,0.0,"Mawryngkneng, East Khasi Hills, Meghalaya",COOLR_citizen_report,unverified
25.555440000000036,93.63981000000008,2017-08-28 00:00:00,Nagaland,landslide,rain,,,"Athibung, Peren, Nagaland",COOLR_citizen_report,unverified
26.092493000000047,94.25752300000003,2016-09-05 00:00:00,Nagaland,landslide,rain,0.0,0.0,"Wokha, India",COOLR_citizen_report,unverified
25.567284690000065,91.90642695500009,2019-07-09 12:37:24,Meghalaya,landslide,continuous_rain,,,"near Basic School, Nongshiliang, Malki",COOLR_citizen_report,unverified
26.191688000000056,91.81007900000009,2016-12-15 00:00:00,Assam,landslide,unknown,1.0,0.0,"Noonmati Nijarapar, Assam, India",COOLR_citizen_report,unverified
25.06657276000004,93.93108879600004,2017-06-30 00:00:00,Manipur,landslide,downpour,0.0,0.0,Torrential downpour causes road-blocking lansdlide along NH-2 near Bimparao village,COOLR_citizen_report,unverified
24.86388954200004,93.62191829200005,2018-05-10 11:00:00,Manipur,translational_slide,continuous_rain,0.0,0.0,"NH-37, Tamenglong, Manipur, 795147",COOLR_citizen_report,unverified
26.19037705300008,91.77306002000006,2017-07-10 00:00:00,Assam,landslide,continuous_rain,0.0,0.0,"Chandmari, Guwahati, Kamrup Metropolitan, Assam, 781003",COOLR_citizen_report,unverified
25.808364075000043,93.79016193800004,2018-10-31 17:03:41,Nagaland,landslide,unknown,0.0,0.0,"1 km away from Chumukedima police check gate on Kohima-Dimapur road, Dimapur, Nagaland, 797113",COOLR_citizen_report,unverified
25.119566745000043,94.36416626300009,2017-06-12 22:00:00,Manipur,mudslide,continuous_rain,0.0,0.0,"Khaivarentang village (??) in Ukhrul, Manipur",COOLR_citizen_report,unverified
23.792602974000037,91.53090192100008,2018-05-20 00:00:00,Tripura,landslide,downpour,1.0,1.0,"Champabari, Jirania, Tripura, India",COOLR_citizen_report,unverified
26.26326870200006,94.81481950700004,2017-07-10 00:00:00,Nagaland,landslide,unknown,0.0,0.0,"Tuensang, Nagaland",COOLR_citizen_report,unverified
26.14547804200004,91.79364785100006,2017-07-10 00:00:00,Assam,landslide,continuous_rain,0.0,0.0,"Dispur, Kamrup Metropolitan, Assam",COOLR_citizen_report,unverified
26.10618080100005,91.85158906700008,2017-07-03 00:00:00,Assam,landslide,downpour,0.0,0.0,"Jorabat, Assam State, India",COOLR_citizen_report,unverified
26.663544811000065,94.62220277400009,2017-06-24 00:00:00,Nagaland,landslide,rain,0.0,0.0,"Alongkima, Mokokchung, Nagaland",COOLR_citizen_report,unverified
22.87370331300008,92.75812590400004,2018-06-05 18:00:00,Mizoram,mudslide,continuous_rain,10.0,0.0,"Lunglawn, Lunglei town, Mizoram, India",COOLR_citizen_report,unverified
27.82743131800004,93.62407258700006,2017-05-03 00:00:00,Arunachal Pradesh,landslide,rain,1.0,0.0,"Yangte, Kra Daadi District, Arunachal Pradesh, India",COOLR_citizen_report,unverified
27.61790706000005,93.84196894100006,2017-04-22 23:00:00,Arunachal Pradesh,landslide,monsoon,0.0,0.0,"IMC ward #18 (??), Lower Subansiri, Arunachal Pradesh",COOLR_citizen_report,unverified
25.720192715000053,94.03225672900004,2017-07-08 00:00:00,Nagaland,landslide,continuous_rain,0.0,0.0,"Kiruphema village, Kohima, Nagaland",COOLR_citizen_report,unverified
26.964378405000048,92.78260587300008,2017-06-18 20:00:00,Assam,landslide,monsoon,0.0,0.0,"Bhalukpong, Assam",COOLR_citizen_report,unverified
27.07671517400007,93.59755440900004,2017-07-09 00:00:00,Arunachal Pradesh,landslide,continuous_rain,0.0,0.0,"Aalo, Itanagar, Papum Pare, Arunachal Pradesh",COOLR_citizen_report,unverified
26.20450453500007,91.87202792700003,2017-07-03 07:00:00,Assam,landslide,continuous_rain,1.0,0.0,"Panikhaiti, Kamrup Metropolitan, Assam State, India",COOLR_citizen_report,unverified
27.33139609500006,88.61380979600006,2018-09-15 02:32:09,Sikkim,landslide,continuous_rain,,,"Gangtok, East District, Sikkim, 737101",COOLR_citizen_report,unverified
27.54295098800003,88.59676955500004,2017-05-26 00:00:00,Sikkim,landslide,rain,0.0,0.0,"Toong-Sankalang road between Saffo and Ship-Gyer, North Sikkim",COOLR_citizen_report,unverified
23.69461107100005,92.87641206800004,2017-06-28 00:00:00,Mizoram,landslide,other,0.0,0.0,"Aizawl, Mizoram State, India",COOLR_citizen_report,unverified
26.13179516400004,94.78584428900008,2018-07-30 04:00:00,Nagaland,landslide,continuous_rain,,,"Sotokur, Tuensang, Nagaland",COOLR_citizen_report,unverified
24.32420538900004,93.15020651800006,2017-06-26 00:00:00,Manipur,landslide,downpour,0.0,0.0,"NH 2, Manipur State, India",COOLR_citizen_report,unverified
27.08449409600007,93.60505988600003,2017-07-09 09:00:00,Arunachal Pradesh,landslide,continuous_rain,0.0,0.0,"Niti Vihar, Itanagar, Arunachal Pradesh, India",COOLR_citizen_report,unverified
25.11839800000007,92.85391300000003,2017-04-04 00:00:00,Assam,landslide,rain,0.0,0.0,"Harangajao, Assam, India",COOLR_citizen_report,unverified
27.45377772200004,88.52426485800004,2018-09-14 00:00:00,Sikkim,landslide,continuous_rain,,,"Mangshilla, North District, Sikkim, IND",COOLR_citizen_report,unverified
25.619192070000054,92.70947010300006,2017-04-29 19:00:00,Assam,landslide,continuous_rain,3.0,0.0,"Makhim (??), West Karbi Anglong, Assam",COOLR_citizen_report,unverified
26.566362441000024,93.13195098400008,2017-07-09 00:00:00,Assam,landslide,continuous_rain,0.0,0.0,"Burapahar, Nagaon, Assam",COOLR_citizen_report,unverified
27.98531715300004,94.21263588600004,2017-07-04 22:00:00,Arunachal Pradesh,landslide,rain,0.0,0.0,"Abotani Colony, Daporijo Township, Arunachal Pradesh, India",COOLR_citizen_report,unverified
26.10430759200005,91.86227823500008,2017-07-03 00:00:00,Assam,landslide,downpour,0.0,0.0,"Sonapur, Kamrup Metropolitan, Assam",COOLR_citizen_report,unverified
25.768500000000078,93.82005555600006,2018-10-29 13:33:58,Nagaland,landslide,mining,0.0,0.0,"Imphal-Dimapur road near Kukidolong village, Nagaland",COOLR_citizen_report,unverified
26.11613907700007,94.24222574400004,2017-07-01 22:00:00,Nagaland,landslide,continuous_rain,0.0,0.0,"Wokha Sadar Sub-District, Wokha, Nagaland",COOLR_citizen_report,unverified
27.542554034000037,88.62957833900003,2018-09-17 04:22:14,Sikkim,landslide,rain,,,National Highway between Mangan and Chungthang.,COOLR_citizen_report,unverified
25.828600331000075,91.87671699700007,2017-07-06 19:00:00,Meghalaya,landslide,downpour,0.0,0.0,"Umsning, Ribhoi, Meghalaya State, India",COOLR_citizen_report,unverified
25.497644399000023,94.12901273700004,2017-07-04 00:00:00,Manipur,landslide,continuous_rain,0.0,0.0,"AH1, Mao-Maram, Senapati, Manipur, 795150",COOLR_citizen_report,unverified
24.835073186000045,93.89896293900006,2017-07-09 09:00:00,Manipur,landslide,continuous_rain,0.0,0.0,"Langol Laimanai, Imphal West, Manipur",COOLR_citizen_report,unverified
25.195355000000063,93.17275800000004,2017-04-04 00:00:00,Assam,landslide,rain,0.0,0.0,"Phaiding, Assam, India",COOLR_citizen_report,unverified
24.013580802000035,92.67420962500006,2017-04-25 00:00:00,Mizoram,landslide,continuous_rain,0.0,0.0,"NH-54, North Thingdawl, Kolasib, Mizoram, 796075",COOLR_citizen_report,unverified
24.98119500000007,94.01861900000006,2017-09-29 14:00:00,Manipur,landslide,downpour,,,"6-7 km away from Saikul, near Champhai, Imphal-Saikul Rd, Manipur, India",COOLR_citizen_report,unverified
25.733180988000072,93.99655230600008,2017-05-16 02:00:00,Nagaland,landslide,continuous_rain,0.0,0.0,"NH-29, Sechu (Zubza), Kohima, Nagaland, 797002",COOLR_citizen_report,unverified
23.72594300000003,92.71780000000008,2016-09-17 01:00:00,Mizoram,landslide,unknown,5.0,0.0,"Mizoram, India",COOLR_citizen_report,unverified
26.100356583000064,91.87351723100004,2017-07-03 00:00:00,Assam,landslide,downpour,0.0,0.0,"G S Road, Sonapur, Kamrup Metropolitan, Assam, 781141",COOLR_citizen_report,unverified
26.32472400000006,94.51465100000009,2016-09-05 00:00:00,Nagaland,landslide,rain,0.0,0.0,"Mokochung, Nagaland, India",COOLR_citizen_report,unverified
24.194674512000063,91.82931979300008,2017-06-03 22:00:00,Tripura,landslide,rain,3.0,1.0,Kamalpur,COOLR_citizen_report,unverified
26.181606000000045,91.77204200000006,2016-12-15 00:00:00,Assam,landslide,unknown,1.0,0.0,"Pub Sarania Hill, Guwahati, Assam, India",COOLR_citizen_report,unverified
27.05909316500004,93.54235868400008,2017-06-04 00:00:00,Arunachal Pradesh,landslide,unknown,0.0,0.0,"Poma River, west of Itangar",COOLR_citizen_report,unverified
24.951781793000062,94.20340026200006,2017-07-01 00:00:00,Manipur,landslide,rain,0.0,0.0,"NH-150, Ukhrul Central, Ukhrul, Manipur, 795142",COOLR_citizen_report,unverified
25.536637033000037,91.98082794900006,2019-07-09 12:37:24,Meghalaya,landslide,continuous_rain,0.0,0.0,"Mawlynngad, Mawryngkneng, East Khasi Hills, Meghalaya",COOLR_citizen_report,unverified
27.08168564700003,93.60815652400004,2017-07-01 07:00:00,Arunachal Pradesh,landslide,continuous_rain,0.0,0.0,"Sanglo Potum (??), Itanagar, Papum Pare, Arunachal Pradesh",COOLR_citizen_report,unverified
24.79591420600008,93.72386429300008,2017-03-30 00:00:00,Manipur,landslide,downpour,0.0,0.0,"NH-37, between T. Laijang and K. Sinam villages, Tamenglong district, Manipur, 795008",COOLR_citizen_report,unverified
25.90723300000008,91.88189200000004,2017-05-26 17:00:00,Meghalaya,landslide,rain,0.0,3.0,"St Paul's Secondary School, Nongpoh",COOLR_citizen_report,unverified
24.21988830700008,93.20266203500006,2017-06-26 00:00:00,Manipur,landslide,downpour,0.0,0.0,"NH-2, Pherzawl District, Manipur State, India",COOLR_citizen_report,unverified
29.240900000000067,95.97610000000005,2012-06-06 00:00:00,Arunachal Pradesh,landslide,downpour,,,"Dibang, Arunachal Pradesh",COOLR_citizen_report,unverified
26.95147008000004,93.86686394100008,2017-07-10 00:00:00,Assam,landslide,continuous_rain,2.0,0.0,"Narayanpur, Lakhimpur, Assam, 784164",COOLR_citizen_report,unverified
26.14454469900005,94.24416766300004,2017-07-01 22:00:00,Nagaland,landslide,downpour,0.0,0.0,"Wokha Sadar Sub-District, Wokha, Nagaland",COOLR_citizen_report,unverified
24.802900000000022,93.62280000000004,2010-08-24 19:32:24,Manipur,landslide,downpour,,,NH-53 at K Sinam village,COOLR_citizen_report,unverified
25.06466675700005,94.27420555300006,2017-07-08 00:00:00,Manipur,landslide,continuous_rain,0.0,0.0,"Ukhrul Central, Ukhrul, Manipur",COOLR_citizen_report,unverified
25.438074223000054,91.79904871600009,2017-06-17 00:00:00,Meghalaya,landslide,continuous_rain,1.0,2.0,"Khatarshnong Laitkroh, East Khasi Hills, Meghalaya",COOLR_citizen_report,unverified
27.01145643800004,92.64204044900004,2017-07-01 00:00:00,Arunachal Pradesh,landslide,continuous_rain,0.0,0.0,"Bhalukpong, West Kameng, Arunachal Pradesh",COOLR_citizen_report,unverified
26.16066110900005,91.85294885300004,2017-04-05 00:00:00,Assam,landslide,continuous_rain,2.0,0.0,"Bonda, Guwahati, Assam, India",COOLR_citizen_report,unverified
27.092916003000028,93.61882042700006,2017-07-09 00:00:00,Arunachal Pradesh,landslide,continuous_rain,0.0,0.0,"Civil Secretariat, Itanagar, Arunachal Pradesh, India",COOLR_citizen_report,unverified
23.686600000000052,93.01700000000004,2015-08-27 00:00:00,Mizoram,landslide,downpour,0.0,0.0,the state highway which links the rest of the state to eastern Champhai district,COOLR_citizen_report,unverified
23.864699556000065,91.89496619700004,2017-06-03 20:00:00,Tripura,landslide,continuous_rain,3.0,1.0,Vidyamohan Chowdhury Para (???) of remote Dhalai district,COOLR_citizen_report,unverified
24.107700000000023,94.03960000000006,2015-08-01 06:30:00,Manipur,landslide,continuous_rain,21.0,0.0,Joumol of Chandel district,COOLR_citizen_report,unverified
27.36036400000006,88.65191400000003,2017-07-10 00:00:00,Sikkim,rock_fall,unknown,0.0,0.0,East Sikkim,COOLR_citizen_report,unverified
23.73941421800004,92.71505961100009,2017-06-01 00:00:00,Mizoram,landslide,tropical_cyclone,0.0,0.0,"Hunthar Area, NH 54, off of Aizawl",COOLR_citizen_report,unverified
25.67061160800006,94.11844319200009,2017-06-02 00:00:00,Nagaland,landslide,continuous_rain,0.0,0.0,"The road that connects civil secretariat and medical college site towards BSF camp at Nhachüko, Kohima",COOLR_citizen_report,unverified
24.025153876000047,91.49747518300006,2018-05-18 00:00:00,Tripura,landslide,continuous_rain,4.0,0.0,"Kambhukcherra and Belfunpara villages, West Tripura, Tripura",COOLR_citizen_report,unverified
25.031902125000045,92.42257695000006,2018-04-28 11:00:00,Meghalaya,landslide,rain,0.0,0.0,"Road, Malidor, East Jaintia Hills, Meghalaya, India",COOLR_citizen_report,unverified
25.658708000000047,94.09853600000008,2017-09-30 00:00:00,Nagaland,landslide,downpour,0.0,,"P.R. Hill, Kohima, Nagaland 797005, India.",COOLR_citizen_report,unverified
25.63203569600006,94.10065402600009,2017-07-09 00:00:00,Nagaland,landslide,continuous_rain,0.0,0.0,"Jakhama, Kohima, Nagaland",COOLR_citizen_report,unverified
27.54043014100006,88.49888236000004,2018-09-15 02:32:09,Sikkim,landslide,continuous_rain,,,"Mantam Lake, Dzongu, North District",COOLR_citizen_report,unverified
25.672950369000034,94.10513916800004,2018-07-31 04:00:00,Nagaland,mudslide,continuous_rain,,,the retaining wall near wall near Soul Harvest Church,COOLR_citizen_report,unverified
27.114100000000064,88.46580000000006,2011-07-20 00:00:00,Sikkim,landslide,rain,0.0,,National Highway 31A in West Bengal's Darjeeling district,COOLR_citizen_report,unverified
27.14163896900004,93.66495708500008,2017-07-09 00:00:00,Arunachal Pradesh,mudslide,continuous_rain,0.0,0.0,"Naharlagun Sub-District, Papum Pare, Arunachal Pradesh",COOLR_citizen_report,unverified
27.134400000000028,88.45750000000004,2009-08-20 00:00:00,Sikkim,landslide,downpour,0.0,,"Melli Chalisey, Sikkim",COOLR_citizen_report,unverified
24.768609000000023,92.82118200000008,2016-09-01 00:00:00,Assam,landslide,flooding,4.0,0.0,"Silchar, Assam, India",COOLR_citizen_report,unverified
23.736728309000057,92.75168679500008,2018-05-12 07:00:00,Mizoram,landslide,continuous_rain,4.0,0.0,"near Zemabawk, Aizawl, Mizoram, 796017",COOLR_citizen_report,unverified
23.335011638000022,92.85410625000009,2017-06-12 00:00:00,Mizoram,landslide,rain,1.0,0.0,"Serchhip District, Mizoram, 796230",COOLR_citizen_report,unverified
25.48162300000007,93.14169200000003,2017-04-04 00:00:00,Assam,landslide,rain,0.0,0.0,,COOLR_citizen_report,unverified
27.10712410400004,93.65156437900004,2017-07-09 00:00:00,Arunachal Pradesh,landslide,continuous_rain,0.0,0.0,"NH-52A, Naharlagun Sub-District, Papum Pare, Arunachal Pradesh, 791111",COOLR_citizen_report,unverified
28.107569410000053,94.18315697100007,2017-06-20 09:00:00,Arunachal Pradesh,landslide,rain,1.0,0.0,"Gussar, Upper Subansiri, Arunachal Pradesh",COOLR_citizen_report,unverified
25.82601444000005,91.87113066800003,2017-07-09 05:00:00,Meghalaya,landslide,continuous_rain,0.0,0.0,"Pahamrynnai, Ribhoi, Meghalaya",COOLR_citizen_report,unverified
27.55230000000006,91.75200000000008,2016-04-22 21:30:00,Arunachal Pradesh,landslide,continuous_rain,2.0,4.0,"Thongleng village, Lumla, Tawang, Arunachal Pradesh, India",COOLR_citizen_report,unverified
24.987936551000075,93.49870412800004,2018-06-03 01:00:00,Manipur,landslide,rain,0.0,2.0,"Namlalong Ward No. 2, Tamenglong, Manipur",COOLR_citizen_report,unverified
26.07821690700007,94.72071067500008,2018-05-12 00:00:00,Nagaland,landslide,continuous_rain,,,"Chessore, Tuensang, Nagaland",COOLR_citizen_report,unverified
27.978757513000065,94.26296826100008,2017-07-04 22:00:00,Arunachal Pradesh,landslide,rain,0.0,0.0,"Daporijo-Dumporijo road, Arunachal Pradesh, India",COOLR_citizen_report,unverified
27.593000000000075,88.49200000000008,2016-08-16 00:00:00,Sikkim,landslide,rain,0.0,0.0,"Dzongu, Sikkim, India",COOLR_citizen_report,unverified
23.742530000000045,92.73868000000004,2021-06-12 18:12:19,Mizoram,landslide,rain,2.0,5.0,"Thuampui, Aizawl, Mizoram",COOLR_citizen_report,unverified
27.11610664700004,93.79559574300004,2017-07-09 00:00:00,Arunachal Pradesh,landslide,continuous_rain,0.0,0.0,"Naharlagun Sub-District, Papum Pare, Arunachal Pradesh",COOLR_citizen_report,unverified
27.106472262000068,93.65975251500004,2017-07-01 05:00:00,Arunachal Pradesh,landslide,downpour,0.0,0.0,"Dree Festival Ground, NH-415, Arunachal Pradesh, India",COOLR_citizen_report,unverified
24.371695809000077,93.70684170900006,2017-07-10 08:00:00,Manipur,landslide,rain,0.0,0.0,"NH-150, Churachandpur, Manipur, 795133",COOLR_citizen_report,unverified
26.109731830000044,91.80317334400009,2017-07-06 00:00:00,Assam,landslide,continuous_rain,0.0,0.0,"Beltola, Assam State-Meghalaya State border, India",COOLR_citizen_report,unverified
25.691114645000027,94.09483333300004,2017-07-12 06:00:00,Nagaland,landslide,rain,0.0,0.0,"Kohima, Nagaland, India",COOLR_citizen_report,unverified
27.68024710000003,93.62592773400009,2017-04-22 00:00:00,Arunachal Pradesh,landslide,continuous_rain,3.0,0.0,"Palin, Kurung Kumey, Arunachal Pradesh",COOLR_citizen_report,unverified
27.059572709000065,93.50102777800004,2017-07-09 00:00:00,Arunachal Pradesh,landslide,continuous_rain,0.0,0.0,"Itanagar- Jote-Tapiasso road, Papum Pare, Arunachal Pradesh",COOLR_citizen_report,unverified
27.10350854800004,93.64513256900004,2018-09-14 15:45:25,Arunachal Pradesh,landslide,continuous_rain,5.0,,"Itanagar-Naharlaugn, Arunachal Pradesh, 791111",COOLR_citizen_report,unverified
25.14429781700005,93.97198128700006,2017-06-05 00:00:00,Manipur,mudslide,flooding,0.0,0.0,"SL Veng Road, Kangpokpi, Sadar Hills West, Senapati, Manipur, 795129",COOLR_citizen_report,unverified
25.083030628000078,94.23757741100007,2017-04-06 00:00:00,Manipur,landslide,unknown,0.0,0.0,"Sirakhong, Ukhrul Central, Ukhrul, Manipur State, India",COOLR_citizen_report,unverified
26.22247246700005,91.92053027500005,2017-07-03 00:00:00,Assam,landslide,continuous_rain,1.0,0.0,"Chandrapur, Kamrup Metropolitan, Assam",COOLR_citizen_report,unverified
27.06992579300004,93.61465640000006,2017-06-19 04:00:00,Arunachal Pradesh,landslide,unknown,1.0,,,COOLR_citizen_report,unverified
24.304156886000044,93.18182447600005,2017-06-27 00:00:00,Manipur,landslide,downpour,0.0,0.0,"NH 2, Manipur State, India",COOLR_citizen_report,unverified
25.533595000000048,94.13334500000008,2017-10-22 00:00:00,Manipur,mudslide,continuous_rain,,,"about 1 km from the AH2 national highway which runs through the center of Khuzama, Mewoboke Colony, Khuzama, Nagaland 797005, India",COOLR_citizen_report,unverified
26.881610000000023,95.39989700000008,2016-08-16 00:00:00,Arunachal Pradesh,landslide,other,1.0,0.0,"Longding, India",COOLR_citizen_report,unverified
25.15246862700008,92.94670614200004,2017-06-04 00:00:00,Assam,landslide,continuous_rain,,,Dima Hasao district,COOLR_citizen_report,unverified
27.232798089000028,88.59292517200004,2018-05-26 00:00:00,Sikkim,mudslide,downpour,0.0,0.0,"Road from Pakyong to Dikling and Rorathang, Pakyong, Sikkim, India",COOLR_citizen_report,unverified
25.19640994300005,93.13430584600007,2018-12-18 16:10:33,Assam,rock_fall,rain,0.0,0.0,Railway between Phiding and Mahur station in Badarpur.,COOLR_citizen_report,unverified
27.17580000000004,88.52940000000007,2016-01-14 05:15:00,Sikkim,rock_fall,unknown,1.0,5.0,NH10 in Rangpo,COOLR_citizen_report,unverified
24.93894800000004,93.49683700000008,2017-09-21 00:00:00,Manipur,landslide,continuous_rain,,,"near the Khongjaron Khunthak village, Tamei Road, Manipur, India",COOLR_citizen_report,unverified
24.271730183000045,93.28039349000004,2017-07-09 00:00:00,Manipur,landslide,continuous_rain,0.0,0.0,"Thanlon, Churachandpur, Manipur",COOLR_citizen_report,unverified
23.65637182000006,93.02746601900004,2017-06-17 00:00:00,Mizoram,landslide,continuous_rain,0.0,0.0,"Aizawl-Champhai road, Champhai, Mizoram State, India",COOLR_citizen_report,unverified
27.716462531000047,88.55668313000007,2018-09-14 00:00:00,Sikkim,landslide,continuous_rain,,,"Lachen, North District, Sikkim",COOLR_citizen_report,unverified
